ph,Hardness,Solids,Chloramines,Sulfate,Conductivity,Organic_carbon,Trihalomethanes,Turbidity,Potability
8.417692339891744,160.38547828849832,295693.5741964957,8.539667697063706,465.3140734807903,689.9123781645304,18.700462782087655,249.55800603890455,6.330554234739278,0
6.072149078264366,283.68837910311083,127544.11528086153,8.308540650507004,156.02216187579626,412.47264450059663,24.183583440771265,123.36949779160803,7.459173670776171,0
9.010185439379677,256.25880708630314,,,371.0834457817878,767.0826130920724,23.08605166137427,,7.41676199149557,0
7.881576203415547,122.1176821992221,237938.38866335058,10.686938298965899,425.78955041237356,555.5562128024158,26.99116185426244,149.16655870738083,5.545748319754185,0
3.6592414352135467,299.4069315675146,51284.510356903986,0.49600869845964635,194.102555366258,181.1292057234746,24.561635553584438,30.196525420551065,7.497670536785156,0
,275.84000486154906,58343.74592075812,0.8369411434756338,,719.5650917587604,8.923478326224444,61.56887836724946,3.9169287215772424,0
8.327977913932472,156.78168757280778,277545.0753449509,9.063220941594635,485.80755445568064,442.48563358155843,17.56456733652131,82.53058787078145,1.0253137134945867,0
8.502450136938677,267.37931593218764,70004.63064038915,7.344261926771905,205.8390421384633,199.1472775810335,10.32753485462024,182.89195335052844,1.4379978109231155,0
3.8967954287288213,121.28390637427657,203409.78793123527,3.976751364610572,271.9828199600191,206.8830936889945,11.233990627442068,46.36012690768588,1.7664112799057063,0
6.15270156526897,299.8209460948477,396718.01589555555,6.337975700990544,273.00623729694644,581.2737545769103,28.094442338439897,41.855360237166956,1.6674741722800217,0
5.595586169628069,233.13694722130737,2599.03428860246,11.392863749119622,201.21389997187342,,21.09308534187806,,3.461916735951844,0
9.487354921940213,230.0250031117594,7615.340957125212,12.416511121403158,410.3164345748362,300.6156354396693,29.288531571030965,218.37336412029327,5.908895649765503,0
7.507055840564652,118.08814539682655,397240.7481902721,8.462223711561657,408.7397372916621,197.85131332890768,,173.52960337683714,6.534541646203465,0
8.75933129289581,,234270.89481953203,5.842005264770834,251.32720568951424,408.754200732099,17.048252053911344,10.46664317159781,5.131492920412373,0
6.103899391791318,105.79990064089388,51637.080231886735,4.133381746277094,434.05031643229347,390.0476403960529,15.639231757659807,7.558930256709587,2.025053221898857,0
4.590671052493438,148.16561160822943,359023.5777018834,,185.22997375960097,465.3135042821991,5.004037610664353,139.8892369705265,6.2353112150372265,0
6.8820935091108435,128.60437503332702,352271.7397509492,4.789769316609276,101.72231026707146,295.74543037177114,8.627655846744894,70.9923331210344,3.4836134339631926,0
3.446720792729227,255.3535881384437,,8.505017542003621,,122.43051256472404,16.773818096925503,149.38322443276624,1.0909534407025738,0
8.793418203948075,139.64084544257958,,10.182120499393601,497.6311089809514,530.07027457463,3.8864805437241747,108.93374183240084,2.9641203437292454,0
7.421650793854454,282.1276454261771,110001.68940884966,1.0845802426989832,115.45772393075384,361.60260201764595,28.0809340206489,230.86648429640852,3.314203878986845,0
8.306614180597617,231.25380786549803,21157.358852430054,0.11590522883893385,183.19922948338422,555.9344991180325,5.467623094414383,72.30834923286129,2.9197187465267205,0
5.481681776909078,107.23254209893925,238232.47594745486,3.26292936872707,307.56585699483367,176.06687956298794,7.5434608996733985,169.94676942550393,6.683091072313099,0
9.794886170764322,101.08596682574009,118607.32208790243,13.428221316009838,423.97629457794824,109.64414870583524,23.428994270281823,13.986550748840498,6.319484783158632,0
9.251847849255384,110.33158340287979,265784.79761748045,9.72973237210553,135.6168020300213,273.80597351970493,4.714167170100784,238.98720328013687,,0
8.448684479516334,221.18503552954553,334661.8255601979,2.662209243861641,258.0938615035577,,27.207786789231463,245.19898824313387,1.9730355495858571,0
4.362470954963773,260.29636217188306,8246.057021831259,13.364933031171919,398.8303202519545,375.8503819179271,22.319627180230995,,6.654837367943974,0
6.267047026089239,147.7105641254777,238689.79609960524,7.102343510281366,248.61728336254464,667.2117886914265,3.9213839990480492,116.5705116551115,,0
3.3066263605106014,269.8817685846146,93280.93533505405,7.193767174512043,,364.48635093497677,21.37171771599828,55.38836311215171,2.363863805369743,0
4.080026444472835,111.44638803065207,349681.51066361676,14.03957496325556,178.19833095863493,471.30882572215523,19.6855991807969,203.2228268918672,5.536657511970615,0
7.781342672697182,260.19277072833523,,0.9863517135317662,264.0195147659977,515.4609147095346,23.205784116717723,184.22034723818206,4.384581487025767,0
8.21333509135472,285.5590860344561,244697.2831609319,3.3061562919679064,291.76682992235646,115.28197415206813,25.189539869701406,55.87753287045679,4.075450432993575,0
9.77256812703947,254.4216798208761,221862.79519575497,8.827992744805364,444.7257671264056,460.5933637923323,22.11381576884834,113.0782158922378,1.7848621443067216,0
5.2807775069670635,239.62415679572743,159070.43352364033,3.012748992771861,356.90096742719743,341.3818815791865,18.412936267587213,115.96833498528787,4.628129930916158,0
5.593217942244082,267.59604373107663,271370.68467631785,10.22495243721347,376.1607818062006,394.89608937827825,,206.68943221819092,1.6995226628065456,0
6.286890678930655,108.03025990941329,290582.0842514581,3.289975111117131,493.1948686143628,170.20117894667518,21.523662531238017,171.1192487413521,2.1497737107798667,0
4.3262995135899995,140.35642214381107,227208.18033243535,1.5774388619223338,264.7373761203895,647.9743959540516,28.795204369661825,160.97030211324375,1.927824199923339,0
3.9094505373483015,124.98473586112861,303610.4726367169,3.184078878648512,261.34176129965135,759.6829755659658,18.45060985480848,162.63194192953796,7.678757953490053,0
6.329934483581536,200.90619803859732,393383.4133211821,,469.3387870903249,115.58817444072,20.601656316159108,67.98228480592849,2.9940528331072302,0
4.588365443356189,249.0376256657689,168289.68277242125,2.7244606576788906,198.35023480202346,,14.239585181594421,93.24195932746873,3.486430265172054,0
7.688697962777573,226.00236891527973,206318.6377023268,2.106911171357875,391.9260985211467,634.6908471018506,23.171382672806082,11.892740216458183,3.2545642440722524,0
6.060063432106315,270.226219952387,,12.918200104662219,401.8292552872539,299.3653120549226,29.934686985481804,196.84181338512488,7.287753116247006,0
,131.04259848821818,318615.393967841,4.873918333599886,139.11519897817723,651.2889094042517,,108.53305468486856,4.940761379344219,0
7.901855714015744,246.9242183870323,208571.79675135153,5.475304429121978,287.2925622774336,542.6485355364109,7.6673478261053445,109.8404700933496,7.4341192925331825,0
5.186566489674288,138.6082981737808,163776.61071386552,0.9235291015682917,180.22498852862162,750.413842589749,17.104257242602905,61.71638810093987,3.0994743407952687,0
8.825818609766408,154.15175026356005,38534.71327266892,5.424807390180606,174.15010912099427,786.703367947641,15.478511123326431,52.752106724127515,1.8038427210236425,0
8.633350502477613,241.98093945626078,355972.9122484835,4.045626942091537,285.5312441851505,129.64227979909336,18.003953966188128,147.1615714274728,4.893529169069222,0
5.712348653211221,296.0409569797364,158607.88877618202,9.196227503392649,215.77188300322598,411.45643271890435,3.374073336279645,58.52197729331711,3.418758942530123,0
5.018296727511709,222.3087211954139,273350.05768547894,3.16031543531886,418.42417905034836,482.89145130475276,13.319740777252571,16.52010846558337,6.613347834435238,0
7.777468527824828,110.90006299825912,60600.28839089216,13.336645250636323,463.041956556193,202.72026324535673,18.3233913378357,191.99310028723414,7.15596386238161,0
3.978267385265169,223.26179398550656,,13.952032651701371,421.08824211534625,335.40008129915316,18.385357836538955,94.4291238843883,4.308014576349502,0
4.399357417325758,108.47011031603341,72198.26296691054,1.587482751934174,206.4123490486661,791.3532134295232,20.40535092951446,95.36877818287645,7.799513168598558,0
3.0515358882570385,276.82914227336346,80617.25516689666,1.7003040486998007,209.65375747544334,111.36131943973001,22.166048812074585,108.11391123818994,4.871091044410841,0
8.508470642514968,241.91565702012414,343734.1613625278,1.818363927853721,201.89134004698695,416.75555206706883,19.963321693543985,203.8536834403194,2.8964427537041875,0
7.653955996144225,134.62556928450064,365120.51491263055,9.331581919023648,154.01523842249443,689.8582352027373,24.12680835090418,80.54880553698437,4.4228286074099215,0
7.936157650384346,118.34420116483962,85646.81560179727,1.9173375667233812,477.51934724148447,326.7308839035019,,189.6300347088301,1.2611720468204932,0
8.465103217153775,136.7066457760638,188450.55438175634,12.800496537160967,260.8191192628277,435.8589519286073,,234.91643777449605,6.628008121841473,0
6.212410428768379,296.0054359108385,293664.46692056913,11.338645572574597,189.8757898183495,784.632022051586,18.973500008858704,165.38661488323746,1.7100453559809465,0
6.981188371670257,191.71212849169797,351467.9277905098,12.315151987746559,438.6684202032974,432.41378553299273,4.833414269093305,108.20442975366765,3.161239419521035,0
3.978578986893602,256.8161896682816,,,259.6781210631162,191.64491850254933,9.648383140314559,187.07353592509284,4.957215829034604,0
3.801710514751814,227.28166842155537,207290.77525292226,14.950490451635387,114.04672444386664,136.20504416647373,16.767193858427675,114.74539375297068,1.300825879528292,0
7.6788207325333016,214.48262999172746,296944.84779737424,0.758209033868003,164.77662809985247,761.7916007079639,26.443642031247798,103.89960414148113,1.5552182942701376,0
6.297673443001928,129.02605093300994,292723.25468446536,6.078847966373089,355.700136142468,,21.013443576063807,131.55814931138445,5.87281450329109,0
6.956652745368322,289.204890711619,313401.0918804079,4.926656367170779,413.1621096686896,452.8447345951856,4.531426197213133,79.77172253491881,1.502439651425381,0
8.35499200191218,160.2685265029436,228403.59363796902,14.234817930818352,184.37375539548518,163.49123626297802,18.58369861244332,26.5104289618603,4.339580063731636,0
7.443028240004136,215.60344316150844,42741.42362510531,8.695228281614133,466.9582357064569,396.55858438542356,8.208663653838771,104.00557537877822,3.3708694339452525,0
6.875055804605971,239.95518891781322,361685.34306033794,12.112245385126405,,751.0738634750869,22.552463674084244,31.40229184176083,2.5965558556949153,0
6.914450125217895,229.84663104906178,346363.44318909023,2.638083785511931,439.35230162443236,451.68909554165685,25.16834387024492,102.90514765208395,2.321452285045658,0
5.127650686438285,288.1188819391037,319440.87689151487,14.68164874411654,191.06445871968566,779.7946062616295,18.616775632519253,139.45496344275585,,0
3.2157248419755757,129.6877979840116,40845.128387131066,7.529729248457096,120.21439546002308,281.1849460661798,18.558153073047873,232.71243971080887,7.660795352051978,0
6.057021724626536,201.6705476893884,82554.54946549024,7.455713936432622,446.9694157930335,453.181667792756,11.480560409902793,9.537471595803247,1.9812581954233222,0
4.502092709736704,180.8068781481532,297696.5456779531,14.566182455331493,222.32009149542694,701.6715542665277,14.495000592516664,155.55387242223506,7.717768534218889,0
5.859700506072453,194.83374589652362,10232.897738196627,5.772912182135461,347.56655246941034,413.77664818762065,26.19503390682967,114.70492906919428,5.163337524325726,0
8.973821512877162,123.84350523954893,391710.6288492046,6.023122865869395,403.986753480292,295.64116149913275,,5.555151486932722,5.491622837542799,0
4.637576401057386,126.81892197455306,,8.812815271793555,151.31730340444807,698.8327543925171,16.553102471483605,62.762269896710734,5.969484646998073,0
3.408119191823462,,288005.7009426386,2.0079838971620254,412.33534180761916,372.9226282108263,12.310506814954387,30.06207046252299,5.928832232482067,0
4.969687244153976,160.94092075216628,355140.8643067293,4.884175833536638,475.40458358442635,471.5063037421639,3.410632672079522,,6.7386777572998176,0
5.055156304366785,185.58064273627,158457.32537188282,2.978804004432445,391.34998629856364,783.568946490602,6.004207237138783,69.00527574349908,,0
7.633415603088265,222.19750940732564,128333.86295126674,1.638923838695039,276.48909939222324,230.53830632910473,7.404705307102378,100.62593067785798,4.733510112602907,0
6.899225066388949,226.9258234836526,243887.71043040045,13.0055546343322,450.6712555006811,310.98044570413,12.454739211242892,132.49532867547813,3.2667890172439114,0
8.487287463744895,182.36217931711406,232814.76012547224,8.881034375299393,310.9830520290236,121.74872004888796,28.43602211813569,0.7470034846333322,1.7368031564818194,0
7.650194782291713,181.75662188573943,164246.85107229406,5.444224593765877,397.90837112670164,374.2863969370369,16.14429505604496,40.88640547687083,5.652481336483533,0
5.844708030080493,143.5257053393924,241108.12759121569,6.189173722764021,428.2023775434416,240.12840140940168,,23.844813209395777,1.2352697843037563,0
8.698142692662243,217.66124968180165,374217.1664570314,6.529633154941584,399.74114467960237,576.024454785524,4.9610038489223935,137.64351311605455,2.929445357583578,0
4.168810439353927,163.40818226344757,187588.462394012,9.53392281395617,215.1419504192616,226.92502113609666,11.472554688882994,82.60418016511682,1.6596090511227017,0
3.1589845119370232,107.21196685547274,79500.1301195019,13.908863933186,147.13756036233244,572.3689266841088,24.840457795429593,137.32523514066216,2.335090101259026,0
3.6303350254294924,183.68000883137208,151505.18717031856,13.99841633288904,195.33541174482406,,12.733598215494222,55.84491389258212,5.471116390281666,0
8.056515454175152,194.82653501803406,158248.68605465433,5.933230495006884,301.1499747921413,348.65248388483985,23.630162568627576,6.545223844852424,5.399336411434427,0
6.233140611759712,145.11857364084221,53312.36851746172,5.006010648006766,302.1107689172384,344.20245643247824,24.475739331552607,235.3710418669266,3.9473843909699844,0
4.128902453235213,214.49158662442312,65985.7287212674,6.8205928527603,333.05773972581505,601.7262251145266,5.102981551563715,,1.631203835426438,0
6.507313425723545,213.1543800863842,274140.26728407724,8.56222003338454,258.04073501915633,426.55648419684013,19.042473073549946,32.15125761644835,4.033617415215859,1
,240.4004362220743,136451.62392935218,6.981086880601249,414.7565525800111,352.9092291968782,28.8546897743911,37.06343321428005,3.4692141030080537,0
7.874242625544152,229.589696440242,382004.45835046726,9.915425806268845,465.2615001388831,696.8359033276149,13.25986609729951,245.32849273632155,6.043214069991648,0
6.123093929018215,230.48661130420632,98195.10139808436,8.360545448358478,198.6900213917885,500.3654379488419,3.4264344920846237,154.60622992241403,5.053186257393362,0
5.667148582675377,163.24283036480864,40470.877536824104,4.878661645741733,394.6092870807552,249.68157489459847,27.8524753272206,152.76734295011073,4.440960371358993,0
5.110584624035136,257.4864443971908,301648.32063710294,5.251389005863225,371.1887410180179,730.0638947005779,26.742655884029524,246.68120127887315,4.408874576134966,0
7.411978151832219,209.8288767199359,352533.38471523015,5.741032534639991,309.236199711726,339.8552072235484,16.61996052185205,,7.764078210822932,0
5.532688273873733,186.283639035978,111967.22939172365,1.5101325469158915,175.4120935496641,127.28556427612428,17.46308736963227,243.63797268930114,6.294059551924153,0
,225.20249618821143,81633.15255654571,2.5743332229681997,418.0929034330838,446.22015678211704,7.928750877731497,51.4012800652332,,0
,172.13146689005086,75120.68781356378,10.874395651966253,484.25051425153305,186.75663810861445,24.944621155249845,155.95634013872785,4.354558290222843,0
9.733283651846602,202.54784892135166,209282.90824523842,5.897541001678992,388.73453289344536,266.9265106010198,15.960801074979539,105.31084954304652,1.1853537091347441,0
9.36006483495325,247.34113769644406,,3.2966306911461407,467.1439986502936,622.9776108811877,2.9485782639915823,96.29597746255597,7.597564843238647,0
7.897949936675247,277.2805773447416,104516.49610195916,8.483818917565374,493.6741059791999,191.526269363423,21.124418780571936,232.8452104556259,3.2342178023713073,0
4.861089730216637,284.21143945903833,19024.07367878113,11.357539182854065,240.8202696956953,664.860957047825,28.61389555447577,37.732318245843985,2.7915735731652065,0
9.784234641434068,200.72658503661984,193115.04479018602,3.935593198946034,355.28942117053475,755.8351016916675,25.21621372968101,249.26871826352277,7.9958624777136995,0
8.451256327760563,204.05502294811382,383773.60670660774,12.419169240663793,,524.5724702855613,9.761547925895114,95.09170274234135,6.030827700531671,0
8.01823132411297,259.9740821527673,261355.16110031263,13.91982240841324,494.65149874529203,597.2514344159805,3.493102378133538,,1.3315464130950159,0
6.145530515006521,162.89013834884025,198707.11609481875,9.001178483200226,137.52312960308996,599.5106269351922,28.329839551069057,241.99272950509837,1.433198339179035,0
4.905690932916113,267.47647246901374,45166.13753781683,10.067320118974536,264.94996571888987,794.9655700893114,28.23775629663164,,1.178510947721385,0
3.674736735074495,198.82832930348468,101722.07992928532,0.8833822558135251,450.21561781089446,339.076783541136,16.90762895196034,230.75465854983506,5.1973322965900834,0
9.318216775806892,123.17134486705368,118614.80588024255,14.188246376226406,213.62052421060616,213.99958586989175,19.984887526802982,142.16894064590863,1.5009515004336627,0
6.190434028835277,114.41182941458874,306156.6174902865,5.9480225405476626,415.1171402555491,463.41706444002506,14.952801699902633,176.24702130487435,7.533718497914514,0
4.416543553566612,268.39864220789264,350807.6081085831,13.866115968126905,253.11326511210228,473.27486688219574,13.753430278765244,37.72145387964392,7.558345780158746,0
5.141696369054568,111.11358338137558,360755.09957300895,8.726765118778614,491.9914159560633,224.53874180730114,5.34455620600361,133.58016399234253,4.822378467236558,0
7.054536982593271,156.12228722673117,393842.87469205086,0.1688201027655814,453.41193456948304,529.1765932958976,4.709081154110688,168.5416718239483,5.316472519771656,0
4.237409480574621,166.82600810030917,392964.3065587084,0.6742757899191921,220.52814306504615,109.88731343377678,8.516500106933249,114.33370319322661,3.043260810676749,0
8.996299988646628,134.59888903831876,381246.6539744246,10.238240204481837,408.07724541514204,749.3678817179551,25.42594089938324,39.168801937461154,1.4478077968579133,0
8.30963670884647,162.77867396039784,29657.03406065087,8.483753406095802,,285.2019944748831,6.08330442059904,61.407709233851364,6.162223116342709,0
8.036240691656557,248.53851334501712,55979.62083519427,0.49533331437050776,342.54513608621403,127.69214587313427,8.347562253611901,213.67100135287788,1.7125019212431223,0
6.024651278425726,102.93656871201415,122482.14406393713,11.177553422213542,363.3923073573168,175.77460903239995,17.36119366102181,9.100512711774314,1.598903487128752,0
7.391161884917103,265.43468490413727,221606.40337172014,12.796965522330808,431.83816363428195,268.1742637957492,,177.3610885709827,3.1785617644295665,0
7.088685782389149,271.30960471491164,39694.17759348624,7.496620488345693,109.78033635280595,291.73431802423164,6.569787172098039,249.84781411037446,1.0872596188651744,0
7.54892621088374,174.45231463830964,338472.9861630548,7.039785861323099,188.06315646091986,122.96699964841007,17.772854767542942,2.3670075286382706,4.038249310294212,0
3.5911102479792234,130.72257981212695,247085.7154518463,0.1815493216359495,384.7671242354315,295.5483685356104,12.306611587905234,,5.953766370560537,0
5.910651815194267,220.16808158901617,217403.39651857977,11.82108071615463,,235.0592155454375,19.53246000353314,168.69900307283706,6.609442519953573,0
3.2912992170332473,123.93451117297886,66959.21802354917,5.027669394516971,298.24203128045724,365.03464920416303,27.541749531442935,15.467713229044392,5.230151126592449,0
6.457935734711633,172.9838722156505,102048.93428567874,13.19357793475984,122.08398268319218,369.61741614917844,6.227807680181894,147.6526009720368,6.928119421797388,0
5.309028486329497,291.6858361801945,64964.497967920965,5.65860275461499,239.3103533845825,337.30541842201535,27.57614247476579,171.1580258384835,3.845515426369772,0
4.011669322062328,299.0928945167274,340921.3299601246,8.519660868397512,446.0400927642593,329.5467184714928,,,6.941404595423337,0
3.7238207740578613,254.42097827091712,234106.91616442605,4.12809264416998,112.35713481441287,162.81189441887585,25.21445233340528,91.61358340375627,4.545313173488655,0
7.113512005243984,162.19230198415323,294316.6415803337,2.4927658575152885,258.57449414592486,117.64346298831352,19.676005684570384,174.47193284866643,2.5612528959880674,0
4.1941507797582025,237.5330098332185,119117.11230110026,11.646127760381788,478.05931506830905,241.4800101095266,19.36410640903533,148.7764597894482,7.609019526623261,0
9.47584082863758,241.08127309680253,149129.80219822258,7.499198134809595,120.35229381800585,629.6545991916307,19.897954478222044,52.30547443743298,2.9247961168598153,0
7.0674279779027644,177.56833903272997,162537.130806187,8.093670063908537,399.8823004178547,793.5668358857855,21.33387543409877,141.00231812448487,1.1834103893145518,0
5.42808863174386,228.1777269172319,304245.9737258699,14.484697706877858,203.0450464728146,749.9683225401303,2.4615016166923964,220.53585067616243,2.6987183006851883,0
7.136408440369918,102.14552899513525,309168.84208215267,14.45734069211009,446.643532861469,452.95354887643805,28.82659221649819,166.87490477976726,3.566812928801994,0
3.1596270972078826,,83518.59747809864,12.849067613365811,398.42719158374604,472.27669904455394,18.396905321036236,118.21198109476485,3.4594477830248485,0
9.709914492690118,205.01766059345223,376674.0038385015,2.8953784621990004,454.28206834334514,320.20709832508976,23.881043503267804,80.73523366592806,4.6726725661050015,0
6.376124058600301,132.75026085165916,49141.47964003087,8.95466314509354,186.3699161725064,641.7576070463593,12.563891493718168,21.928609254674427,7.181888174251465,0
8.479146590752004,133.18137357530674,358552.7108870285,13.184396627367507,312.517101927442,635.329681552854,2.347121989642287,61.53446962337766,3.046367589767894,0
3.57910999945707,267.2608581100476,41057.86261427391,5.679512653089172,411.7079774299203,690.9906503077112,16.27257047654043,3.2910948951757835,4.645394255714182,0
6.406608315867123,297.8266005367211,,1.6064818724402161,198.2798971979924,726.8532040378191,16.20132334084601,246.6631664224786,3.3809726758193555,0
6.4349489604816466,211.19388560568967,,12.183347243374836,,404.044473757707,14.23570007272065,56.00932190612062,6.7524114156124035,0
9.56478518482488,,72617.33686608888,7.278276915296357,110.87285339903401,636.8128976750384,11.512077516538149,203.8115477000005,2.1032105930193485,0
7.002096366632528,298.0643328652545,166013.60459267796,8.50945093735176,483.40611759018094,664.479110157115,8.995130458672218,42.57689801034216,1.7245718781704094,0
6.314425807398677,128.31917771375493,180493.86067770637,14.733950015135882,384.00675202184937,315.92173574842514,16.771256485921118,71.2584868265907,4.520966772663212,0
4.868829641643255,189.6491226508702,98858.33023626065,9.147450314361674,354.2241416040739,750.469570804305,12.507787911417836,104.86019114747751,5.703213100358443,0
5.320982981397865,,284387.8353330586,6.43219284642491,397.59788907799634,166.03905184775883,29.158092725394646,,6.568676407635365,0
6.644706817300765,116.009856729237,340682.52511147934,5.612767080923247,312.6451674781757,795.988425414298,6.84196461747408,199.68852778358533,5.1273739703372145,0
6.072380222135327,251.0660345589489,349955.48080237315,6.322527460545279,290.4535284361641,639.0635027112086,10.950635893558434,239.44450529984806,6.416948329233004,0
3.151284559162313,186.7558054645186,136389.53614888783,1.8641463393621647,279.81289644940836,165.28963372702907,10.230893185887988,218.8859736708867,3.7489704099264665,0
8.784043469360505,193.86538683808027,212809.30732083795,11.94178332042182,356.17568484145653,,17.212656934606795,38.81767780346526,1.2300736918652828,0
9.273125402878367,130.13459476264802,100114.15514239494,12.581981186986912,180.61399015695326,123.9255876497821,15.979847195276141,194.28382474914793,1.8126951553108959,0
3.981743622990275,136.18533044617362,,4.337517305143792,455.22347800594787,639.130864610928,20.02473303187965,37.4127548695255,1.2710582086029731,0
6.878253004773345,281.420724431243,65340.37107791772,4.626569614308167,424.70094848770606,659.4560451613387,28.600049576077822,228.38858608724428,3.3026055533354484,0
3.7600301879481046,108.92981779485578,376067.5853121984,13.127580419388718,239.82544458081355,521.6871771640134,9.986190393828286,129.71070462931033,4.4684393888807765,0
7.705680651278682,,355307.5426136264,0.45715829736653635,331.4437187250097,699.8022743415993,21.397603939139902,84.42708147014834,3.494222385598576,0
4.968636486873058,158.4118660629057,311166.1266177492,7.854815912131692,156.41091998000584,168.5182961504018,2.701125684145141,39.6778615848811,4.924196325464745,0
7.615958442843312,198.0395084803173,207546.94699380387,7.008768148754365,488.9384991734392,293.1466894285693,,3.4463675006616508,4.364264039449514,0
8.088962300008179,217.2890346029592,,10.38288886671905,461.1570750521134,389.92426511486934,,62.362774419390746,5.745599613047582,0
8.380532443423599,198.65799517013332,212368.5208068167,2.534536332226872,468.7590025996802,129.7205669796688,2.867854077471765,228.54800578868733,5.6687351449438435,0
3.754186621691276,116.8230669113764,215090.6374172586,10.05812803784779,232.86521908138064,413.7512612998163,19.29474489550189,199.41691697192076,3.226449029760756,0
9.412082915963255,148.7334908111427,174390.67079437844,5.713336717335658,167.6538829531423,285.6494192787962,20.99269703524783,242.4635300838045,3.4235011875276404,0
4.611497936264166,268.7176769525082,53570.17832393492,9.318850194727666,184.70886538652414,374.91450847122707,22.908488015465306,25.639999519782574,5.096034751489123,0
3.2618878932332587,227.5177400956918,51139.877294545855,0.6974156471043612,136.00055641803596,397.5718423946145,16.464086135604344,148.24859650466453,5.175027275235893,0
6.8839672857403835,229.8298100268549,380947.6366224276,6.97973523804919,148.04425204055374,715.5882134413796,18.910450619401544,64.65904327067877,3.202899395459932,0
5.596455987037071,234.040651070271,193330.27307495388,,128.52181367393814,289.2386793693473,13.089827035797644,135.96395559021565,3.312225200427976,0
8.808528201926892,,381329.0044371704,3.2934634025393006,495.9292276819494,725.6201901013904,3.155084910183751,80.45349394808206,5.858315092303029,0
8.657760304450113,111.62169634428946,,2.1803924472688987,129.62307334762943,398.1796753689945,4.798651961686366,71.2246547857177,5.531875760132487,0
5.2199722497590075,173.32167698652248,222212.2042639335,,153.01683238056546,329.4654044857902,20.339885877640995,143.67440285513706,1.945355632758423,0
9.670295765488214,207.90548705233573,83879.18408726415,5.2277020631438855,430.90183823629457,451.7584345346022,29.875548388401736,46.237881386450304,4.087293157727754,0
5.0364248669808305,167.6912966594652,102020.65784451402,1.5424712246440748,332.09608669717727,392.42030045398775,2.442490696572293,117.54879252454316,7.248942550974132,0
6.6053999046220016,268.8957746574373,12991.776925710335,14.215064956371107,409.76688182773296,280.1606191386022,17.612337911138717,162.87766012848667,1.2541397327313266,0
4.791755633973219,196.51450171745878,48462.370985344314,6.134411516287678,,451.8755273572468,23.02824508071162,32.48142725910961,6.986147625389496,0
9.552304990342744,253.72551789187582,366822.5146440491,12.15364707735056,452.8700281315792,206.2612131551819,25.149695184388605,232.68327058378756,2.1422470994490053,0
4.152254723074127,270.40310337623384,129291.66360145036,14.618815134321816,355.38701110589625,346.3509601160763,17.265737234233924,126.67831251380413,4.550740427232011,0
3.3143743357463027,200.9582965806996,243643.55555392205,1.3029556720408129,308.8500371612604,,19.357647445154942,204.97222898514337,,0
6.045679420021266,281.91044877427,186540.63866371993,9.80987507223141,385.0998775045199,389.385771072901,21.508298467687496,163.6494049399553,1.0709053613902118,0
9.94662894839086,217.42478810739613,160780.04685286604,13.083995392444088,278.9571007168438,676.7386527355575,26.051054991416056,177.64523483502512,7.407778559627424,0
9.241740863784397,270.05485976674436,213222.5504470812,9.550093066104251,238.42552916189388,279.70523307461633,5.424107041678923,179.1746697777131,4.18447659134014,0
8.240256136198646,168.11815911830485,75708.33890152126,6.492489208225449,287.060980980085,778.840105181707,27.933101495696175,218.83742431683743,7.679877937324305,0
9.235547436149673,199.76339170629706,395452.95550931105,6.5230377288052805,167.88564203942428,649.305414595946,,153.59455604420756,3.007207306854525,0
9.254126477885041,206.28220820091553,327504.8396128413,0.6348934015096478,418.62869192107655,777.3151181982305,25.413593026817708,69.91517935448671,7.063930413911807,0
6.632008522705144,120.99594317921412,296904.2384598746,8.065551194210203,204.28151253437784,686.6955883812129,4.148731943671523,25.32765589493156,7.456727017969413,0
5.2115033628155505,179.71050134030813,188034.95950856703,14.903790652124027,161.412618534819,199.47274809614987,7.449589924937824,151.7595295528103,4.8978269145954645,0
8.404087024776917,283.4675345103352,61997.971728408054,14.384742136981817,198.54089671329072,468.5220634445096,2.109036098671713,17.055024540759973,2.4187445150740228,0
7.631628842174328,226.16644807294847,368345.6774511536,0.7019485097482314,436.8280607088959,218.98496483705,14.467187755009139,60.702716196537786,5.79673202474004,0
5.61560410211597,135.5013164873935,137213.43988530932,10.616375354079373,232.08051823909256,672.7591468390801,11.362058348086983,,4.842846465706221,0
3.661266676430607,167.77112712192098,20992.569189076574,4.596296513784269,374.41994780236007,508.91350442830714,6.647801521636765,137.4474534571385,7.611707660968381,0
8.227527279443182,138.32060193253997,137619.06704744083,13.554538385751437,442.5638522622957,284.41452004983404,14.630524502509376,40.504362173245575,,0
4.837223611460052,104.96462635971452,317988.35516785784,0.7722097110682502,131.09786677001685,750.71928040502,13.266384728821148,152.79662619865158,2.8795955334787537,0
9.557692053736455,285.4920917008053,249460.78925029506,,406.00976207121715,180.63023731998248,23.49450891556476,197.82085015038527,1.9680090104587498,0
4.686794025039793,189.6414656513743,300584.595313199,12.578388582437876,223.06618655161202,494.7036824299198,27.007648569960907,205.55923983257966,5.890434980806757,0
,161.50701448415722,317660.5181610886,1.8508152955637627,186.64894567361708,604.7283882667078,20.27188304947829,77.73110528033804,7.818767332864075,0
8.817788704874342,219.69543831154732,85569.88982113649,0.991382626027758,375.5605809811889,141.19397613270223,5.483490884342668,137.46415590727676,1.1984063939997893,0
4.072990216371458,101.46289125860312,369589.5431211789,12.537144198471344,463.91864909329354,518.4992232443426,,140.97118464154656,6.183117483446887,0
4.254878157104174,155.60442132016277,175757.85156522866,2.420789297521233,218.00768348495816,671.1308508241659,27.572912311303835,118.48535194746457,7.488512537917667,0
7.195679540645904,240.6066931397785,255966.44605640168,8.06998247934047,327.53352215372763,147.26912009263737,4.484565804220896,163.95091591047884,1.5234707395914455,0
9.121934285862253,226.7539546138526,1921.2002621100592,13.744598382392772,215.9336455397966,458.57007977463894,13.391963502943142,52.91673739397162,1.771190315742932,0
4.375042660002013,296.3611895085071,397354.03086606006,8.554976891884918,321.7142342905712,280.990024704118,28.390129338537477,244.82118827690516,5.843699689147961,0
5.172265710300664,224.0715419316088,113077.6579996979,6.018776191945078,,564.0471160758445,28.6186155611456,24.970916859187643,5.535743631270519,0
,195.50117472554655,25763.17950952194,6.7307392173244835,344.1341555160719,183.07415695519143,13.513688957368988,,1.48179190721372,0
9.802784982426772,252.28651263680152,183846.55457306906,1.0404458434876782,349.41854785709836,755.9360014693548,20.687112866766327,148.72694874432136,6.840959265058095,0
6.505188303416396,280.66557439281064,52482.99281563466,14.534409588287822,154.03191688700963,726.3100072003123,14.788876753911971,61.591259424832124,4.663966934914247,0
4.007282517858755,244.13918934367032,61778.35735287271,4.728747357708134,377.41618783468783,230.18209391299644,23.09689510421757,186.5459126647448,7.350381613356288,0
,292.6422447098759,253280.84239905386,,369.90014255208933,326.28611905557324,2.8842772594039583,21.57798347142945,7.145936166948931,0
4.607592209991987,256.4010341476354,157778.02923652309,4.36210479742189,373.03524888675327,511.34448225713015,6.0364001697980365,193.71724969497137,6.68755438335116,0
3.9227555245056474,273.3602876523853,368819.12761184305,14.469160603883035,129.62822109548253,602.6436356439754,19.197566499220777,147.70131294963187,4.61129227371095,0
7.743610715290003,122.82081423672744,128343.44134861995,1.5048621969713045,278.735536965661,409.85921061218073,8.51146334840578,28.132204439902196,2.7619744922460256,0
3.8528275323997176,246.48270059875753,290745.87122517655,13.022815303467603,263.6140528182919,209.40392537268252,,20.33663799154637,,0
6.544309521344431,188.01773990547372,184978.67263180815,10.646874026581573,134.68459345727965,172.90604566201011,11.834241968916354,,1.7056796446124605,0
7.8598370495002055,210.62076048225504,264320.56915058225,12.46728576946952,188.94717115872427,799.8357358400407,,73.58750867270737,5.611923039313983,0
7.067816264546316,230.82048189647136,240278.44732968017,14.640873351481655,276.3850527192147,418.74648501044106,24.93926279567962,222.38081176641975,1.9378405346030534,0
4.398429561620404,293.96302334111385,189640.80513084028,12.648104367201391,397.1625239432329,710.7722244039487,15.799458401925902,190.63721874702892,,0
8.62887168327584,296.91561628632496,380074.3767551504,14.156397034040008,194.82483079386526,437.66320324038014,23.641062438656018,174.69846605707016,1.3806738191677246,0
8.00784990731061,157.64564909758104,137742.74345922738,1.9913353261847047,431.8999640499646,745.6503469822023,9.591860814582532,70.01221013204601,3.0965874319225213,0
8.172888027408792,246.75069948758323,71716.96499845975,11.957249620987854,318.3193142957854,161.43156794008542,15.839273750732154,177.38165749589368,2.6245632246885147,0
3.9174042609011925,249.99670758705372,271559.5302910515,8.230567841807611,,179.81343393418567,7.529497452171789,237.06284728645107,5.340220798981694,0
3.866276625552412,169.29857226260975,338557.0169618556,8.198084366689924,289.02239333474284,750.742531406957,26.10481271858783,23.344178675456945,,0
9.492937857045554,124.7739549728442,17061.242236029582,13.493931487175653,299.67769016888934,763.2451315313494,25.045893263915616,81.87757917988972,,0
5.783047356774585,108.18939205714395,180403.44268064955,14.579876897835998,347.88775575185605,320.3022132257544,27.260190715452033,59.05073023266774,6.95198579608769,0
5.106640842466579,255.46862550583572,357102.5881852432,10.602091013343395,471.18824326632966,348.61542089571026,26.569355474279263,98.61590853296634,7.025373864682232,0
6.420088317460733,,300097.82895022415,7.29578200312958,296.725032565164,416.7151643843306,28.868695337665855,185.71199738605964,3.3958835200161595,0
7.640049489345077,297.10803389898524,396731.2788825537,6.900417482737495,311.46301524331636,391.3131760471036,8.393414485693928,,5.613028461792255,0
,192.9946912387306,213034.11082730026,5.856487712625409,,233.03165117171767,28.091080142268833,142.89728622700144,3.818291221924147,0
5.005123588174385,295.58339581476804,264338.29180165933,5.487825540632674,395.00605491909033,728.8627687575622,17.993969357855935,,2.0793361753274207,0
9.473659005184189,182.31520043881198,121689.63217403332,5.933451941098028,128.74013419449372,277.3153204939506,13.829862349708261,35.751672138231584,4.700636929941773,0
3.174016439703794,258.73643011199454,379066.7042667309,1.4373232052428098,306.2749754087888,593.6906866343561,17.690469087100446,67.09994540996327,1.6045177215111766,0
6.886386296287773,116.96385446236641,147167.85993405798,1.2537976703805296,292.63663568241736,147.00897441448103,11.59286598620778,214.99023515987577,7.149305087771915,0
7.437825781767596,211.09234202755277,295665.77436196484,11.720060673697445,468.6739936950282,127.12593206990063,10.079484194906659,150.8030320572759,7.47002831586726,0
3.741281826255273,260.4119573971449,161852.94144351367,,297.40263217453645,557.6113308038445,8.756801463370806,94.80817396270982,6.7512919590798255,0
3.9823771794473886,284.9403334439777,225165.75309513672,,287.3282138777324,337.31110030128224,4.30798370479955,197.5815424430291,,0
5.933800235214127,,288193.23147359694,9.222093028049892,484.8799954138808,558.821574904001,15.903817120121248,16.582129397499735,4.903190137878185,0
9.763623385002273,107.39414544023485,204064.72654879035,,280.2305854403526,165.81484151818125,26.857326919988846,63.84582643663523,7.892251636206509,0
7.17229787264061,174.54046826134683,362927.4444368939,2.447097785630444,172.35377212883614,764.8959659411044,19.64425513968277,57.91073693730615,2.73531182881828,0
9.53116255120148,109.73969446277026,168301.09418319628,3.166714915893813,186.76644912231532,623.9601268251668,16.58731771716166,246.34845826097143,1.5316385613364525,0
8.630526409290795,121.8564582229116,259181.64745918673,14.638466763405942,138.07501533478967,713.3870631180595,14.000601711025663,176.67159630699368,4.933586465208244,0
6.271671210887041,235.06112573349682,137602.61088672158,3.35869296965936,100.22725170357778,195.52938783115763,15.003245536881375,154.63759112894425,3.301499184670723,0
,242.65163926233964,163854.5106241742,7.784759576691965,272.77826440019277,324.1126782250086,7.859765732014626,1.743748840970988,3.2563714096563094,0
3.124857487838914,254.74413655032527,176579.9931851874,14.049036281438921,407.6970325192886,357.84091494444084,25.042204561406724,46.48534552141941,1.0495974791896363,0
3.7640079773601447,273.0913096111326,51197.00030660181,14.660171675723925,393.3865771199344,476.020853828773,7.554722971882786,159.06755259678303,5.173675866835531,0
8.806000304179154,247.886293695302,37597.74794454367,3.621770487214814,112.85963512114007,307.80793985519,22.065437188364765,,2.8482359159292985,0
8.577719618276133,260.1743184213264,,0.831852891875598,327.99316143761314,142.44151953258358,23.279580321892272,231.10795572792568,2.315009837348767,0
4.6284851937650355,109.79274196465585,262551.57759887783,2.3886673048126017,161.7132501653904,358.2148665162295,,191.2986926758686,1.283023519751026,0
6.715387134193374,146.90703008825972,,1.0435943326681156,476.4305139058789,278.18452023909754,26.161938498735196,112.12232616462794,3.550531035329279,0
7.242110744900076,224.37955467504915,8886.811691733978,3.0073511922758125,166.94599985767172,370.1449040242504,10.1494098686182,187.50398689579848,7.152782106705201,0
9.074172676432077,271.6250609249646,131292.1902260402,8.571688749085657,350.6556870789926,237.87167983401838,26.68528219480017,243.86337879464227,3.3566956531816063,0
7.22175010137108,100.90002498793183,79926.12905641957,13.695487064805063,230.4953448656227,283.32746219531487,22.423492868780517,115.51471576301692,5.753519470837156,0
5.888000984915762,,311482.41759506095,8.104561367045665,356.6245303857409,538.8666383025882,24.364995177329302,,6.295828743813351,0
5.619288303850279,235.45747987287945,344391.53015705594,9.427244394816302,264.90343858563006,371.70768420464555,20.608231866764797,229.70682145779315,3.2967056643313972,0
5.981174604614569,105.92145782572264,99425.47051323278,3.107822048982163,403.8572209225579,341.76837521864445,25.697604475719142,62.54432817802523,6.751485145084289,0
7.5635171790598195,180.2711115106776,267471.81438034656,12.028695948040367,,473.733942905661,29.806768156093806,221.69619945973645,5.843157617668644,0
9.072434422266273,279.12697627673936,52615.75857985151,9.30505473673319,462.31674116570406,640.302378590748,13.764559926689882,24.837404339859173,4.9146956009066605,0
6.1772781745340986,234.32256177117173,110785.85771508362,12.9756387549716,300.08385972534086,,24.78963914386797,162.2878185616178,1.0069472483544024,0
4.734876940659507,147.53167267211947,56323.143997134386,14.237762294386183,402.43725908514114,511.2636447890884,22.84823326650494,195.81811968641819,1.245635361459657,0
4.656636540983068,270.5562259263825,114124.78587309245,5.283721558773225,439.8920765604908,,14.680364639936503,153.8442517034803,7.936060908742443,0
8.222099961704124,169.60628468190288,270219.8823923619,1.4496279721780465,499.531444381922,465.3860798826355,27.954571992510335,124.13593363605949,6.475987464524915,0
8.715981343967373,,364220.4371639157,3.466341472960059,189.5782662375833,736.8583035622811,13.04392602803265,154.52810143145868,7.562956811410629,0
3.736946558978875,159.7887302237811,81806.4407617502,6.623839328569974,214.75696542538194,655.5708369794988,17.83304565573465,38.34009534047142,7.316122434426193,0
3.465911998686247,218.0640501766298,217289.53494533696,14.190835412184652,200.1732346927553,141.10307715510478,4.966385995746924,54.28489222738948,1.1431008819992559,0
7.161035646295162,179.38801354956684,280855.0493961295,5.736816353363887,205.14853286391306,400.3692100284798,8.321705433855454,67.83988631710731,6.5429310285375175,0
4.023212709348888,154.96501015101342,381216.0649257407,11.584520883614013,332.977896615751,588.8228855080117,25.5394927749453,149.64594548719452,4.158020208078082,0
,277.31151243437387,244414.13267198237,8.15310271334425,497.4090092583372,,13.103476239207726,110.75431789939509,,0
5.172342717468521,137.51873638789826,102787.6654799249,2.8238506794215508,496.1112348371018,420.8634038130588,13.03435450362723,61.496722700216964,1.047010489143696,0
4.007103530797998,116.96231824715262,250565.78460866056,4.878938372406429,310.7092925449231,164.9498178887176,8.887468509337367,220.76092837007275,3.01739510840395,0
9.44679330741215,168.3853877091321,128875.97350952846,9.832559086839998,355.61088410586956,493.4064222990075,15.765089360328723,93.79349915315923,6.259266430539115,0
4.158722059146947,243.5278295283135,390475.2278859914,10.125515580804912,443.9882174806424,188.59465448677219,24.562874917817428,111.78491394785785,6.551145520211128,0
4.993040576365549,261.4863211952563,160470.7779302911,6.577920227454788,473.17338338140206,626.0636921955754,27.06459529766471,102.72041859897415,5.338002208502368,0
4.07529376634441,299.74867401335297,274485.6605836447,3.5068194796655083,181.54425093181754,455.3738982232445,3.9632040972371487,45.89476734154978,3.1087933261238465,0
3.8084304456574847,159.272411402233,10267.805356356634,10.856411014738878,311.4166915769812,606.4019578641005,,183.04094034984323,3.1725381390150407,0
3.1480361143550804,181.58839022625642,160624.5170077674,2.6162083200294504,433.1348218646049,708.5532788149666,,112.39033643608006,7.767347745494229,0
3.387767864149821,127.36425560592525,350167.93771568214,14.056378408790387,221.28083065383666,540.263612013944,19.199891813204193,4.556148918233252,4.0744852546394315,0
4.222490296550969,214.9743859246067,244480.75032886508,2.899763327643503,275.9236169921867,528.707530477227,14.523719233431535,241.02141873876934,4.129878851706859,0
3.3736735283902277,299.51600745258344,,1.6989542062045546,494.2484406048032,628.1992068077419,13.162054983895624,204.0330210930557,4.866329251684896,0
7.138006712776798,240.1762020241317,374439.06227485463,7.514950765244144,494.0186786883484,689.7185010168672,,181.02805884590492,3.8665163580507214,0
7.765001687596545,219.04256808267434,341739.7660827444,7.841289011834441,462.44272430607265,708.3376503939019,,217.33842169437298,4.868700952181899,0
5.755413197824198,,129564.05385535237,7.672074430195847,419.37933793122306,125.50113697801831,16.02752990888975,226.7484097745848,4.026347959372905,0
,283.0597520571109,218274.8124144945,6.606345591148708,207.6522002891223,489.3332077584525,15.220044628578092,84.70368174291744,6.787004437215307,0
6.531683659155611,199.3833192260699,196439.8781808926,14.922741903161164,228.34002962687498,251.388516858286,24.89938867882626,152.9341902649663,7.363357138587988,0
,126.8733826626123,253248.79754583008,7.34558112879167,318.9131364819499,702.2421235472483,22.878143754660016,,7.524771818707531,0
8.957921387755441,173.07569263982668,134310.39551654347,7.221404053023481,324.3109498248049,553.8783796423528,11.5585978370734,67.19126736824394,4.950073440805706,0
3.3043254340895434,,98437.79530558942,6.384314334446963,,394.1557353227067,24.416159290428972,55.87708673604327,4.095039902251467,0
4.2704888671756684,140.3958075377563,,1.0957037450517972,,231.6729596849459,25.902218732126006,28.91986007734601,5.9366804115428655,0
4.6572140977307726,103.53375619998243,369625.925299904,8.935053804129279,263.32920905319554,337.3165381438786,6.297781750477334,164.99889188115498,6.8682651390713465,0
4.745713030825483,190.6559833000327,337485.8314190296,3.4967198061254186,399.66966292621316,592.6443861781572,18.315108928461246,195.3392882621796,4.940875694464641,0
6.998628562199409,226.90805299035944,391303.56787505996,9.600373805412843,233.41997059134215,243.05168164814717,9.988735820777986,190.35776838949243,5.899867152755829,0
,168.65849247578154,298251.6187860957,0.8574185830323096,232.270798778541,,22.69682501394823,79.4107066076511,6.248105455048736,0
3.344778839493158,184.0763543010554,306102.22419623786,14.722667808669724,150.8903847567312,721.6201307592858,8.68598922204313,51.71233269106796,5.734756437021007,0
5.615298969217001,291.8418545689152,305273.44669309363,7.088175677288816,175.48488401156771,634.9472447060817,20.79929867684489,113.67673752442818,6.222934890105167,0
6.666270641023461,250.3926243149831,192762.4447459803,13.461655036701407,440.20835156854304,239.85645146069282,9.14349036961375,136.9299583300074,2.4605173278919885,0
3.711703320326012,208.17132738899025,183124.4256111944,7.185861481170728,278.5129354321766,304.61808040099413,16.31202537603841,229.81223842815464,4.488621829152582,0
8.834209876519918,156.90817502236504,96850.28418345226,0.9989291967559039,191.1471146211335,780.44912399162,28.56210110165338,218.7683769913765,5.11787988223561,0
3.3637330652557296,279.399359754599,258282.8585493569,12.350981836797724,403.73644000895496,595.7291407313821,12.676611076780166,229.056553659806,1.0173455159991616,0
9.473893083126434,147.0194233761319,116438.73430483148,9.757937572040301,321.5924503267438,527.3654029496773,26.520677606969816,212.6404650914269,6.991737561695774,0
3.6937919910591286,165.0685461033354,103865.55547123941,11.748180008851783,108.4624045693174,315.33993979689126,29.634448273709047,241.16301050685965,5.2701715591143845,0
8.90502466118427,281.8129628845897,234798.58826432584,6.4797309662822125,226.54458293468605,,26.49582376654457,116.64224929367982,1.9039543218874229,0
9.31857200749332,205.90841105701446,164582.97290179224,9.60525748927501,170.80056444853642,127.66653308316133,6.6442488322536,12.344637609557045,6.71449950803079,0
9.85699476410615,248.46358988359535,88323.78690905825,12.857812156569452,362.3491443931362,609.937306831352,24.950430146984566,21.34872702104532,6.019398765083812,0
8.614181161915155,218.14895883275324,326606.35068437963,9.502875098791124,210.01241625210116,130.22265753981918,2.900183062815715,97.87389737219962,6.3080968042454595,0
8.456342785399302,230.68784180189903,344367.397798456,5.280337159054959,,103.40013644409532,13.01245274358062,64.79292927261282,3.7442972330329933,0
7.497382931968834,159.8766583029651,67912.10835143461,9.971690956056378,121.97399567906771,610.6465615026855,26.380534452900186,42.9001775445863,,0
8.452974482046903,148.27441232533258,3995.306087199948,10.110627410349602,332.69091918348596,764.2116300043878,21.285061957277755,238.32434173990782,3.8981930749265357,0
3.9418654588920297,164.49846943373305,135115.8574432201,14.412745741348713,108.68938228163584,,16.916731965460585,49.257187308450305,4.99356407061914,0
6.752476251633461,131.0883128166845,319206.82343662024,,439.5168452544355,430.1481334370651,12.860192702313375,239.86512844265013,1.004496125899116,0
6.599560091332901,274.8628730581615,335830.37262749544,6.433718335960554,162.15884770291024,440.23167469261114,24.74431450116801,190.32929066014117,5.5141118027450355,0
9.003005008857903,,56193.29897630364,12.200632121687182,342.6265340781719,405.29549585437377,21.867635310550185,160.41594519524327,6.0272305448955565,0
6.239595559154611,212.29787888287692,309960.0245720374,7.635858489666845,277.87521120429824,327.2505669772336,15.115348949238854,169.1667305422999,,0
5.695626472702474,258.3948850282748,47165.96275646235,11.074939087424422,277.140608492761,465.1999499300881,26.989561441870475,83.20284375295144,4.475911719305312,0
7.476942898659771,256.76482187514273,156634.97347245517,6.9496710203585215,128.71885694401834,401.80566999878056,8.438544498921708,161.7835459955414,6.669555315981958,0
4.865243222505923,187.67725171683858,399445.1964897544,3.310877613009237,421.10090008488623,518.7175160285423,6.770962256441496,47.079683511175695,5.769609020156693,0
3.978378876677698,195.25146171734514,77843.73846913302,11.20353725743706,457.22099390130103,728.6840563507661,19.99850540134028,234.45750541772688,2.946518278040161,0
6.345140918166221,298.94034978700495,62431.46944847295,2.054212020852178,104.40666695369138,796.5065921266672,29.215841595649568,75.79743832016808,7.713513366559901,0
5.918225580164195,234.9194953958048,169697.33268617062,3.0588965866164903,171.44167027884708,155.120302918042,8.92318405258957,64.16903481723877,5.950870359367386,0
4.627989583702115,262.9276886235765,248247.7418619747,9.439692243484709,461.5616755181915,369.278430862939,8.990770610147141,177.9351181494423,7.915572502386972,0
5.572582670805896,280.5107938438464,373227.4121828881,11.234320022861839,319.79744512002327,226.49433703676664,5.905967742941318,164.28395515751237,7.798829213882079,0
5.564747148783732,,392347.63706768065,13.430849514330443,160.01583129928406,346.4843317478736,26.0957795476617,113.09908012665467,7.432368059670629,0
5.292468950887818,137.0358689907135,28786.61399996646,4.161538811496786,181.11618104366354,301.2311129838961,8.339131131517355,158.2953355553512,6.287600788577153,0
5.656248558088503,212.43414674751443,56061.009421814226,1.74979145314826,363.9944976948457,222.1759921387518,16.08899874829686,40.29352140433361,5.2660055794787715,0
7.800203418191618,120.37883146290898,316504.45158450154,14.345095226887175,389.9267288987492,634.8532373949033,29.74442938406173,168.49541269678778,2.2051946457804696,0
5.078135321998997,230.58442531279968,108982.22875607332,2.4009040115299225,339.7707234319741,447.4021199804651,2.3399452258172198,68.01736845120087,4.803459921966304,0
9.642005487007383,291.0698856375622,354054.7747430379,3.045238035594129,481.2593519650103,743.471907552058,17.581610534302236,68.5725761807761,6.357635656760291,0
9.414436136767245,202.54641286002226,265717.84963440563,4.440808858021139,297.6254414647108,122.81471027291015,16.34409319573848,40.96389376847425,4.646000110938974,0
6.36637299810055,186.59449857355344,45626.07614989019,7.987931174991683,220.10876485701067,,24.608526539484334,83.42809519152307,,0
5.2985284350328214,107.16855028363264,333179.18468467885,13.254100933907763,290.8931639903186,382.2915080512409,11.947883107477756,83.14713954767636,1.7675912943418879,0
6.7480435288100225,291.95490446584404,71366.19562322226,11.432135738675017,243.86651746664438,156.19412428282598,13.489558049173164,113.81766341971618,3.6665824363404385,0
8.939923421415372,120.60053682603176,169974.66247718188,10.651547552255263,189.76635706987452,283.9107174903835,6.702263456768183,48.0096664142542,4.541750930155601,0
7.568111383920714,108.21581866096939,221321.78649517268,,118.38529973605603,790.2208201536365,22.742826485802027,48.655380271612195,4.026277071083756,0
8.630742795629542,149.2133223009877,200805.69348303103,5.429471209737016,240.88499742604967,246.27172523922985,23.971849457268153,,1.7601058347508716,0
6.729055932460181,113.10608678367649,274779.00333044503,7.2282333986915015,384.5637390838969,238.6824189884635,5.826572981807248,32.65491246528355,2.0746980583124137,0
7.430423404873345,191.02356848235246,261422.00721283283,2.2966467069352294,107.37512115007752,501.54846815699636,13.016798071673009,172.37980349321435,6.86332104998841,0
5.017089299277232,203.21756025142247,396824.7602056939,4.17410256168742,275.6714052823739,,27.001339870155125,236.01480790271785,4.390689814410157,0
8.144252136172035,162.5139898057168,399769.34178045095,4.694164738897379,357.60376057994733,506.30680804199136,2.0758036629220404,106.98550760526237,1.3410569872690936,0
4.416832151880028,110.19209651497721,207067.30165162074,1.9964153551026849,344.1616436697229,363.7146947459827,10.365253977433705,225.32577563109385,1.1154388128435495,0
7.863586901729487,122.32007364984534,38984.43569738473,8.298571409433038,410.65937435548636,678.7336519264629,17.541183981471335,25.029989485903176,4.314327813960286,0
,176.90087559798562,291409.47628851864,10.604920128210475,424.207886263919,197.006386009724,11.354628070478693,11.21792803022332,2.1506510814711057,0
3.9247198611108076,112.10569016530722,390688.9672084191,1.1419813090052322,384.68232836775513,399.8748520890259,9.617265296974743,180.48153493970307,5.935881621994553,0
7.300658183793439,239.63794512198268,128012.22866397911,7.268734216270931,141.11907845789978,582.8332939108609,14.881049577289954,190.37488245888338,6.56726423769426,0
3.6656702376095422,,185022.34544919195,11.754946809490146,290.0089776017443,707.7655081980298,7.082647027071425,,2.598076959199739,0
8.080009397899989,,,,341.36238299504345,358.70012444973037,16.829506746865547,14.676010760795364,5.145238614172465,0
3.5914525317646415,178.82515543561948,21516.242668214814,12.244589133659437,198.22641552378064,497.42191936562693,21.787485796770326,194.33831021172918,2.081112504397702,0
9.551578758904382,183.3219266138296,269233.5080581545,6.778785434242044,,148.39796150508306,18.108258673598062,94.44641383274715,3.1250785611607093,0
3.9618555102646154,100.3321415349601,141981.74033231864,12.326300531333924,189.43612835041876,219.22336167828024,4.607061264038865,76.18273935420855,7.221568459270033,0
9.712161721363563,122.4140741997395,315198.0859779694,3.6872207610926155,281.95776069305555,148.39671372628015,25.64344119663605,43.66946837515258,4.808686640376176,0
8.606189232595677,272.5529127481756,333015.9100375124,5.476077365120978,265.5721276218403,609.5166243989654,6.899379449649669,249.0059308980805,7.2012208660094,0
7.155774031264479,100.24661250238162,328671.08385254035,2.7276980886252398,170.66679253086465,301.6419781054985,23.4147360171116,,2.5767346292565487,0
8.478368732406828,201.633471162575,167249.73321791217,7.06551963748572,429.7662170733971,,12.095823101723811,206.83849964469587,3.3101704027406624,0
8.565803872881602,197.9004013014416,,5.941694333990104,470.2746674946898,146.4787953302922,23.917317745570866,160.05386165488662,4.296664969197719,0
9.622189439721312,166.61883220212758,299779.4910871549,3.689814034573252,180.5393276210861,703.7834602858278,7.775641295349681,183.90257084333584,4.3605605263618,0
4.773683476874311,186.26540402928993,320754.3841032465,11.301532567538645,471.8291662268887,684.8711386777642,7.226538903472035,178.07342142048822,7.9835357702859024,0
7.1305312675081645,256.11622750531683,197011.7211101551,4.776316904463534,107.14438367007233,162.25012013519785,15.916723694089503,214.67940402575906,1.8011172327979106,0
3.6653443829508086,268.24074124299125,357319.3767949849,4.164784519172952,469.98498908277816,116.62955452003057,2.922208411554094,46.35612142909902,6.963755249211135,0
7.313159900168849,152.06970868305,58419.569735344754,2.0502659296723764,480.77151603236314,139.40216908739382,8.308325485905335,,7.045774275953091,0
4.199039128649522,164.49808819354598,351748.4430839251,6.638443356849035,104.82074520637008,697.5411212027137,22.272343061161752,149.83285801629492,4.8723904207645115,0
6.954654280307093,148.49657060566653,39341.99795578063,4.6141729696758,405.2077187106992,264.292442336327,25.446737392551913,88.78773051117182,3.408260177814076,0
7.007013598236948,195.97268011021302,62256.683299790944,5.602165335980432,488.08062902793733,,4.261990190258692,31.384939113725853,4.6345827300180735,0
6.261896070868591,236.6516715317626,214002.16529631018,3.6163592130462345,462.36088752711134,398.3709422260397,26.698175864266922,46.94161914900759,3.047273933645947,0
6.65842242859186,145.6505750926841,27939.873594778594,,488.2840644784852,656.8678683600215,24.330481713489014,83.27145345857612,6.593752139079577,0
8.347463730046115,166.14714841097333,22070.033458644033,13.95704987558529,320.12940227905574,442.2288110294694,26.35116027979503,18.023226036232455,4.487954110972311,0
8.594713015584468,286.0769235178301,1206.9789221165026,7.519184606554425,131.2624559541553,450.4625884628888,21.55599952820752,14.69984393104849,7.480895252142154,0
6.445072509028003,109.71385796939161,175090.34721801098,9.680676507778406,439.91567912201447,792.3643576499317,20.876285884231013,229.0485505806948,5.3588394104923065,0
7.197154090658286,192.15392104791323,310074.9286355997,13.02086692143992,345.5313023236046,205.09068972447997,16.702610533656184,78.3696359637472,4.600235331802784,0
9.518653649830712,242.31160831935557,14900.50176168635,14.982561596271513,345.8946976753156,,20.27804228575682,,5.977485477843565,0
3.83813511950786,130.09080231149483,261250.7849798763,9.241395622474498,266.9014439434745,136.22482192271934,27.735070607864944,241.10956857843476,4.52753075101164,0
3.8197249613007735,109.47480400109637,329427.79964905843,13.357714051444043,328.73679060844364,434.35413870107953,4.814616039667836,36.071534940614896,7.33154445293613,0
3.6139630833753786,127.64107432770615,68032.33858257058,13.638262873679066,161.4319116344458,720.4343767531165,10.841405379690553,178.87361357259962,2.291121726207889,0
7.605042995283695,283.76463870613657,59598.6301937403,11.892627168333572,395.9080106264601,565.6497759228848,4.028739260684411,150.40081983720376,7.8134407862213395,0
5.930258105532657,101.85195636422468,344459.5884745939,6.967877726989342,130.00692294061693,579.6502335562931,28.454544814433078,172.81644473973583,6.685333862958345,0
8.420249912992903,137.66439496227036,329426.7193700878,1.3091946063160997,391.9123068175168,284.3220975795399,14.467433047982864,24.49965450361146,7.025133533054087,0
7.698619893160148,106.2567025803289,216037.76473941057,0.3355027760579943,439.5913690499416,393.002353953018,20.909645178933275,47.545739619322234,4.3803548265974985,0
5.335464308297667,122.12589351244065,327860.75183829817,7.210289435915577,288.9874710257953,356.60674444933534,25.551361806121,19.621346031994932,6.860410845363182,0
9.28856583153075,224.02985732565924,38009.67489237341,7.465286549665804,303.93214642281976,465.01024711059597,29.74800694614168,151.23148420165927,,0
8.337725029494566,148.32778174781714,158398.125657563,6.169699579158287,224.8857091688313,423.5595511005677,6.529908818183441,246.65447342434823,6.333637249949226,0
4.8937445863712306,213.84241008613537,295381.22488644277,8.565693534241332,,,24.386352960110404,168.16014214565638,1.9831511087231584,0
5.549344124404378,218.03907655322524,,8.327224279235963,393.2497898238181,313.83642865981903,26.847841147828618,177.83500298797145,3.1493634117375606,0
5.20107986142984,269.88706661795584,301179.23685898754,,247.59542132013797,275.5970241585855,3.3685105518245173,246.15396786504863,4.12012864351813,0
4.103281540374997,100.94827858237478,,1.71899083860771,169.92295449320204,355.53307281933087,23.114535685196056,169.66388276586315,3.256238027003953,0
4.034483607795341,270.67389186847333,300356.129191345,,187.83183688083653,204.95903455384246,11.932308993503408,10.525302370803347,,0
9.552892243630208,223.8238172853948,186407.1755050745,11.915774186498492,285.56891444402004,710.4730114025017,20.160710161172098,216.8178974137211,6.7407332134858855,0
6.065328260391273,132.54869722099153,147793.83174850524,,477.02736012573513,521.4835742833991,16.393349489088212,91.48723344950967,2.796731244995173,0
5.683238759441869,254.5874776270568,88456.4973749743,14.92288078295093,393.65853830436726,193.65049791569882,9.272783058425834,1.5887235679214837,6.216968205082006,0
8.107799960741644,,84143.357232571,13.106389044167553,186.09749927165993,585.701533946301,5.78619813611161,127.05492730142473,1.5159844837815628,0
6.8709514567703,150.85269675083146,300844.833417987,13.359495205377733,443.8244533675592,693.3665275985812,5.274522526497832,234.28524271862779,6.360173752605426,0
9.552979907869236,283.7587361805362,48445.22886555024,4.783784345185582,251.28020920387243,266.2749704365812,4.893040015837768,64.7040064551483,6.544162699808411,0
8.462110457365746,190.89148605973156,35306.957694267105,,440.68887310100746,205.42041603608476,19.85812112376818,123.13253667668356,3.811891428517374,0
6.355586948871783,220.6848908666643,71340.25464382993,4.094468061826211,196.6798391924524,106.03207999362644,11.839503839187067,43.85733350170649,6.057344762172293,0
5.634516314365784,296.9299067235287,70963.25807011483,9.133861033071462,347.46424477452706,133.07523719953957,8.065736269764429,14.894321580776804,7.405968826215694,0
9.906420814470255,172.3072157278399,329419.941499953,14.088199777684872,470.6681952325128,633.5759438124581,21.372782595765287,20.59596420492174,6.604990814881688,0
8.024321652025504,262.63186916402253,160004.14276621075,,203.15760365911765,,21.23178784146107,181.88922103735817,3.733125572778719,0
9.658362620026889,163.67982356569192,396164.99448683247,8.399326550033608,377.170636234342,131.41622573339362,17.096712185995933,216.0865804501662,4.389494599960451,0
3.8293500405192895,259.8427044482982,55747.291858454344,4.514864493756927,494.9250479828575,623.6496713559249,28.178818872243824,36.253060393496526,6.4555028135006385,0
8.95373575433548,220.1467837725285,261762.3904517637,2.630019609213342,160.2393148972014,150.30351608867204,12.791598480359795,72.43548266871194,3.048162128943865,0
7.459517187938453,143.2711390450803,180043.07337329898,3.0082643942979694,135.36091628026975,514.4929774325667,25.404163195540203,49.159852177384415,6.627179182162115,0
3.853451748345788,182.80521875784729,,0.9633856336181361,369.6780769779265,629.2526976997665,4.103903422101497,7.200516343143769,3.296497997926588,0
7.117805999784545,163.52712687271233,350158.59542257886,14.244473492837935,235.89437909961214,351.4430780874164,22.715270633078124,138.5811267868024,6.6419340766987665,0
7.802674555738141,115.62167861607277,390262.6626855315,6.102906166763681,,107.65430477746462,29.67652758729404,175.13058144934305,1.6076031034550633,0
3.08611880122022,105.9669540199395,349270.7245508973,12.528401290831411,290.12224715344166,516.6325464877982,25.70475005605887,162.1454314808251,1.310781078374131,0
,169.2957310814362,77727.97093501808,10.251809143076398,401.5082718575823,793.8712396980194,18.23061214068166,97.31936005191078,7.983728131588756,0
8.777796578374248,103.80682956349732,89098.37056236468,2.9596253050251726,214.04896016607552,280.332195986947,19.5494498011605,138.97505636200637,7.0861998626428235,0
5.067513177408629,133.097551516355,262773.4777589303,2.714387474028409,234.0187510020539,232.64389403105108,11.89210738423451,23.97777700573806,7.179932524263427,0
6.209836572589857,245.03666417017376,116344.34907363848,12.198624202507117,438.2797602587888,186.74812492746048,21.02558611122691,38.99877782130977,7.658959633246322,0
6.096198889475252,241.61824713671757,294155.3271814514,4.044204488231107,308.0287649045952,488.6789339300393,23.571070729077157,232.98275757846935,4.068214165901415,0
